baldwin152.jpg	Baldwin
baldwin153.jpg	Baldwin
baldwin154.jpg	Baldwin
baldwin155.jpg	Baldwin
baldwin156.jpg	Baldwin
baldwin157.jpg	Baldwin
baldwin158.png	Baldwin
baldwin159.jpg	Baldwin
baldwin16.jpg	Baldwin
baldwin160.jpg	Baldwin
carell152.jpg	Carell
carell153.jpg	Carell
carell154.jpg	Carell
carell155.jpg	Carell
carell156.jpg	Carell
carell157.jpg	Carell
carell158.jpg	Carell
carell159.jpg	Carell
carell16.jpg	Carell
carell160.jpg	Carell
chenoweth152.jpg	Chenoweth
chenoweth153.jpg	Chenoweth
chenoweth154.jpg	Chenoweth
chenoweth155.jpg	Chenoweth
chenoweth156.jpg	Chenoweth
chenoweth157.jpg	Chenoweth
chenoweth158.jpg	Chenoweth
chenoweth159.jpg	Chenoweth
chenoweth16.jpg	Chenoweth
chenoweth160.jpg	Chenoweth
drescher157.jpg	Drescher
drescher158.jpg	Drescher
drescher159.jpg	Drescher
drescher16.jpg	Drescher
drescher161.jpg	Drescher
drescher162.jpg	Drescher
drescher163.jpg	Drescher
drescher164.jpg	Drescher
drescher165.jpg	Drescher
drescher166.jpg	Drescher
ferrera153.jpg	Ferrera
ferrera154.jpg	Ferrera
ferrera155.jpg	Ferrera
ferrera156.jpg	Ferrera
ferrera157.jpg	Ferrera
ferrera158.jpg	Ferrera
ferrera159.jpg	Ferrera
ferrera16.jpg	Ferrera
ferrera160.jpg	Ferrera
ferrera161.jpg	Ferrera
hader153.jpg	Hader
hader154.jpg	Hader
hader155.jpg	Hader
hader156.jpg	Hader
hader157.jpg	Hader
hader158.jpg	Hader
hader159.jpg	Hader
hader16.png	Hader
hader160.jpg	Hader
hader161.jpg	Hader
